UserID,Age,Gender,Education,Skills,Interests,Preferred Industry,career label
1,47,Female,Master's,"Design, Marketing, Engineering","Technology, Arts",Engineering,Teacher
2,19,Female,PhD,"Healthcare, Programming",Healthcare,Entertainment,Artist
3,33,Male,Bachelor's,"Healthcare, Writing",Arts,IT,Marketing Manager
4,31,Female,PhD,"Marketing, Design",Education,Engineering,Teacher
5,27,Female,PhD,Programming,"Healthcare, Technology",Entertainment,Doctor
6,49,Male,Bachelor's,"Marketing, Programming","Business, Arts",Marketing,Marketing Manager
7,28,Female,Master's,"Programming, Finance","Education, Arts",Finance,Software Engineer
8,24,Other,Bachelor's,Programming,"Business, Science",Education,Software Engineer
9,25,Male,PhD,"Marketing, Finance",Business,IT,Data Scientist
10,25,Other,PhD,"Programming, Finance, Writing",Arts,Finance,Financial Analyst
11,36,Female,PhD,"Data Analysis, Design",Arts,Finance,Doctor
12,37,Female,Bachelor's,Data Analysis,Education,Marketing,Mechanical Engineer
13,28,Male,High School,"Marketing, Engineering","Arts, Healthcare",Finance,Data Scientist
14,28,Female,High School,"Writing, Healthcare, Finance","Science, Business",Entertainment,Graphic Designer
15,33,Female,High School,"Healthcare, Data Analysis, Design",Technology,Education,Doctor
16,40,Male,Master's,Marketing,Arts,Healthcare,Software Engineer
17,39,Male,High School,"Programming, Finance, Engineering",Business,Healthcare,Marketing Manager
18,47,Other,Master's,"Finance, Programming","Science, Education",Education,Sports Coach
19,48,Other,Bachelor's,"Finance, Engineering",Healthcare,Marketing,Financial Analyst
20,24,Female,Bachelor's,Programming,Arts,IT,Graphic Designer
21,27,Other,Master's,Marketing,"Science, Business",Finance,Doctor
22,39,Female,Bachelor's,"Data Analysis, Engineering, Writing","Business, Healthcare",Healthcare,Sports Coach
23,47,Male,Bachelor's,"Data Analysis, Writing",Healthcare,Finance,Marketing Manager
24,27,Male,High School,Marketing,Technology,Engineering,Financial Analyst
25,41,Other,Bachelor's,"Programming, Writing","Business, Sports",Education,Financial Analyst
26,40,Male,High School,Writing,Business,Marketing,Software Engineer
27,31,Female,Bachelor's,Programming,"Arts, Science",Finance,Financial Analyst
28,39,Male,PhD,Finance,"Education, Business",Finance,Software Engineer
29,40,Male,PhD,Data Analysis,"Education, Business",Finance,Mechanical Engineer
30,29,Male,PhD,"Marketing, Engineering, Design",Sports,IT,Data Scientist
31,50,Female,PhD,"Writing, Healthcare",Technology,Engineering,Graphic Designer
32,35,Male,Bachelor's,"Healthcare, Marketing","Sports, Healthcare",Engineering,Financial Analyst
33,27,Male,Master's,"Data Analysis, Marketing",Business,Education,Artist
34,37,Female,PhD,"Marketing, Writing, Finance","Arts, Business",IT,Financial Analyst
35,34,Other,High School,"Design, Healthcare",Science,Healthcare,Artist
36,30,Male,Master's,Writing,Technology,Entertainment,Doctor
37,25,Male,Bachelor's,"Programming, Data Analysis","Arts, Education",Finance,Data Scientist
38,22,Other,Master's,Writing,Sports,Education,Doctor
39,48,Male,High School,"Marketing, Healthcare","Technology, Healthcare",Engineering,Graphic Designer
40,39,Female,Master's,"Marketing, Finance, Healthcare","Sports, Science",Entertainment,Data Scientist
41,30,Male,PhD,Marketing,"Healthcare, Technology",Marketing,Software Engineer
42,23,Male,High School,"Data Analysis, Design","Education, Technology",Entertainment,Financial Analyst
43,37,Male,Master's,"Engineering, Marketing","Business, Arts",Healthcare,Financial Analyst
44,18,Male,PhD,Design,"Sports, Arts",Healthcare,Artist
45,25,Other,Master's,"Writing, Engineering, Marketing",Business,Engineering,Teacher
46,47,Female,High School,Writing,"Science, Technology",Finance,Doctor
47,22,Male,Master's,"Design, Data Analysis","Education, Arts",Entertainment,Artist
48,20,Other,High School,"Writing, Engineering, Finance",Business,IT,Mechanical Engineer
49,31,Female,Bachelor's,"Design, Programming, Data Analysis",Business,Education,Software Engineer
50,44,Female,Bachelor's,Healthcare,"Science, Healthcare",Marketing,Teacher
51,33,Other,PhD,Engineering,Arts,IT,Data Scientist
52,43,Female,Master's,Design,Business,Marketing,Data Scientist
53,42,Male,High School,Writing,"Business, Education",Education,Data Scientist
54,22,Male,Master's,"Programming, Writing","Science, Business",IT,Artist
55,26,Male,Bachelor's,"Marketing, Finance, Writing","Science, Education",IT,Mechanical Engineer
56,34,Other,High School,"Writing, Marketing","Arts, Business",Finance,Graphic Designer
57,27,Female,High School,Programming,Technology,Finance,Sports Coach
58,40,Male,Bachelor's,"Finance, Programming, Engineering","Healthcare, Education",Marketing,Marketing Manager
59,42,Female,Master's,"Finance, Design, Healthcare",Technology,Finance,Doctor
60,44,Other,Bachelor's,"Healthcare, Marketing, Design",Sports,IT,Doctor
61,33,Male,Master's,"Writing, Healthcare",Education,IT,Mechanical Engineer
62,18,Female,High School,Programming,Sports,Marketing,Artist
63,38,Other,PhD,"Programming, Healthcare, Design","Science, Sports",Finance,Artist
64,23,Female,High School,"Marketing, Engineering","Technology, Education",Marketing,Mechanical Engineer
65,49,Female,Master's,Writing,Science,Entertainment,Data Scientist
66,38,Other,High School,"Data Analysis, Programming",Science,Education,Sports Coach
67,31,Other,High School,"Finance, Writing","Education, Healthcare",Engineering,Artist
68,22,Other,High School,"Marketing, Writing","Sports, Arts",Healthcare,Data Scientist
69,50,Female,Bachelor's,"Healthcare, Engineering, Programming","Technology, Arts",Entertainment,Marketing Manager
70,29,Female,High School,"Writing, Engineering","Education, Technology",Education,Doctor
71,33,Male,Master's,Programming,Arts,Finance,Software Engineer
72,27,Other,Bachelor's,Design,"Science, Healthcare",Healthcare,Marketing Manager
73,49,Other,Bachelor's,"Finance, Design, Engineering","Technology, Education",Entertainment,Artist
74,24,Male,High School,"Healthcare, Marketing","Science, Healthcare",Finance,Teacher
75,48,Male,Bachelor's,"Healthcare, Marketing",Healthcare,IT,Data Scientist
76,38,Other,High School,"Engineering, Finance, Marketing","Science, Technology",Finance,Teacher
77,38,Male,Bachelor's,"Marketing, Programming, Engineering",Technology,IT,Data Scientist
78,26,Male,PhD,"Programming, Engineering, Data Analysis",Technology,IT,Graphic Designer
79,39,Male,High School,Finance,Science,Entertainment,Graphic Designer
80,28,Female,Bachelor's,"Engineering, Data Analysis",Healthcare,Entertainment,Sports Coach
81,22,Other,Bachelor's,"Marketing, Engineering, Writing",Healthcare,Finance,Teacher
82,33,Male,PhD,"Engineering, Data Analysis",Education,Education,Graphic Designer
83,42,Female,High School,"Data Analysis, Engineering",Healthcare,Finance,Graphic Designer
84,30,Other,Bachelor's,"Healthcare, Marketing","Technology, Science",Finance,Doctor
85,24,Male,Master's,"Finance, Data Analysis",Education,Healthcare,Marketing Manager
86,43,Other,PhD,Design,"Sports, Technology",Education,Graphic Designer
87,30,Other,High School,"Data Analysis, Design, Marketing","Technology, Science",Healthcare,Doctor
88,26,Other,High School,"Healthcare, Engineering",Healthcare,Education,Doctor
89,31,Other,PhD,"Engineering, Programming, Data Analysis",Arts,Engineering,Software Engineer
90,20,Male,PhD,"Design, Finance",Technology,Education,Software Engineer
91,49,Male,High School,"Finance, Healthcare, Design",Technology,Entertainment,Marketing Manager
92,31,Other,High School,"Engineering, Healthcare","Education, Healthcare",Entertainment,Doctor
93,42,Male,High School,"Data Analysis, Finance, Engineering","Business, Science",Engineering,Marketing Manager
94,30,Other,High School,Design,"Arts, Business",Engineering,Doctor
95,22,Other,Master's,"Programming, Finance",Technology,Entertainment,Sports Coach
96,26,Other,PhD,"Writing, Design, Marketing",Healthcare,Engineering,Doctor
97,32,Female,Master's,"Finance, Design","Sports, Business",Marketing,Sports Coach
98,18,Female,Bachelor's,"Marketing, Design","Arts, Business",Marketing,Mechanical Engineer
99,30,Female,Bachelor's,Data Analysis,"Healthcare, Business",Marketing,Software Engineer
100,43,Male,Bachelor's,"Design, Engineering","Business, Technology",Engineering,Mechanical Engineer
101,29,Male,PhD,Marketing,Education,Marketing,Data Scientist
102,42,Female,Bachelor's,"Writing, Engineering, Data Analysis",Education,Finance,Data Scientist
103,32,Female,PhD,Healthcare,Science,Entertainment,Software Engineer
104,41,Male,Master's,"Design, Programming, Writing","Science, Business",Healthcare,Financial Analyst
105,25,Other,PhD,Finance,Arts,Finance,Financial Analyst
106,46,Other,Bachelor's,"Programming, Finance","Business, Technology",Healthcare,Teacher
107,29,Male,PhD,"Writing, Design, Healthcare",Technology,Finance,Teacher
108,26,Male,Bachelor's,Engineering,Science,Engineering,Artist
109,50,Female,High School,"Data Analysis, Design",Arts,Education,Marketing Manager
110,46,Male,Master's,Writing,"Technology, Education",Engineering,Data Scientist
111,40,Other,Bachelor's,"Healthcare, Engineering","Education, Science",Education,Sports Coach
112,28,Other,PhD,"Healthcare, Programming, Writing",Education,Healthcare,Sports Coach
113,47,Female,Master's,Finance,Technology,Healthcare,Marketing Manager
114,38,Other,PhD,"Marketing, Writing",Technology,IT,Teacher
115,31,Other,PhD,"Healthcare, Data Analysis, Marketing","Business, Technology",Finance,Doctor
116,44,Male,High School,"Healthcare, Marketing, Data Analysis",Science,Finance,Software Engineer
117,40,Other,High School,Finance,"Science, Sports",IT,Teacher
118,18,Male,Bachelor's,"Programming, Writing","Healthcare, Science",Healthcare,Graphic Designer
119,42,Female,Master's,"Programming, Design","Sports, Business",Finance,Doctor
120,42,Female,High School,Programming,"Arts, Healthcare",Finance,Doctor
121,42,Other,Master's,"Writing, Finance, Data Analysis","Healthcare, Sports",Entertainment,Artist
122,33,Male,PhD,"Writing, Finance",Arts,Healthcare,Artist
123,44,Other,Master's,"Design, Finance, Healthcare","Technology, Science",Marketing,Software Engineer
124,47,Female,Bachelor's,"Healthcare, Finance, Programming","Healthcare, Sports",Marketing,Data Scientist
125,26,Male,High School,"Marketing, Writing","Technology, Healthcare",Entertainment,Data Scientist
126,48,Other,PhD,"Design, Engineering",Arts,Entertainment,Financial Analyst
127,43,Male,High School,Engineering,Arts,Marketing,Data Scientist
128,33,Male,Master's,"Programming, Healthcare","Education, Business",Entertainment,Software Engineer
129,18,Male,High School,"Writing, Healthcare, Programming","Sports, Science",Finance,Marketing Manager
130,45,Other,Master's,Writing,"Healthcare, Science",Engineering,Financial Analyst
131,45,Male,High School,Design,Business,Education,Sports Coach
132,19,Male,PhD,Programming,Sports,Healthcare,Marketing Manager
133,26,Female,PhD,"Writing, Engineering",Healthcare,Education,Sports Coach
134,36,Other,High School,"Data Analysis, Engineering",Arts,Engineering,Teacher
135,41,Other,Bachelor's,"Engineering, Writing",Business,Marketing,Financial Analyst
136,24,Female,Bachelor's,Writing,"Arts, Technology",Finance,Doctor
137,24,Other,Master's,"Programming, Engineering",Education,Healthcare,Financial Analyst
138,28,Female,Master's,"Design, Engineering, Healthcare","Healthcare, Technology",Engineering,Artist
139,30,Female,Master's,Programming,"Technology, Arts",Healthcare,Data Scientist
140,49,Male,Bachelor's,"Finance, Writing",Business,IT,Mechanical Engineer
141,25,Female,PhD,Design,"Sports, Healthcare",Entertainment,Marketing Manager
142,50,Male,High School,"Writing, Engineering",Healthcare,Engineering,Teacher
143,38,Other,PhD,Writing,Arts,Healthcare,Data Scientist
144,20,Other,Master's,Writing,"Science, Healthcare",Entertainment,Artist
145,41,Other,Bachelor's,"Writing, Marketing, Design","Sports, Education",Education,Software Engineer
146,49,Other,High School,"Finance, Data Analysis","Arts, Business",IT,Financial Analyst
147,19,Male,Master's,Healthcare,"Arts, Healthcare",IT,Graphic Designer
148,34,Other,PhD,"Programming, Healthcare",Science,Healthcare,Marketing Manager
149,42,Other,Master's,"Engineering, Programming, Data Analysis","Technology, Healthcare",Marketing,Sports Coach
150,36,Female,Master's,"Programming, Writing","Education, Sports",Engineering,Data Scientist
151,19,Other,PhD,Finance,Technology,Engineering,Mechanical Engineer
152,50,Female,Bachelor's,"Engineering, Healthcare, Programming","Business, Education",Education,Graphic Designer
153,46,Female,PhD,"Engineering, Marketing, Writing",Education,Finance,Software Engineer
154,43,Other,Bachelor's,Design,"Sports, Healthcare",IT,Graphic Designer
155,37,Other,PhD,Data Analysis,Sports,Education,Doctor
156,25,Female,Bachelor's,"Finance, Healthcare, Design",Science,Marketing,Doctor
157,35,Male,Master's,"Design, Finance","Sports, Business",Engineering,Financial Analyst
158,28,Other,Master's,"Marketing, Finance","Science, Business",Entertainment,Mechanical Engineer
159,26,Other,Bachelor's,Programming,"Healthcare, Arts",Entertainment,Artist
160,25,Other,Master's,"Marketing, Design",Business,Marketing,Artist
161,46,Male,High School,"Design, Data Analysis, Writing",Sports,Finance,Doctor
162,27,Female,PhD,"Engineering, Marketing, Data Analysis","Business, Arts",Healthcare,Mechanical Engineer
163,49,Other,Bachelor's,Data Analysis,"Technology, Education",Education,Software Engineer
164,28,Female,Bachelor's,Finance,"Science, Sports",Finance,Doctor
165,44,Other,High School,"Data Analysis, Finance",Arts,Entertainment,Artist
166,25,Other,Bachelor's,"Marketing, Healthcare, Engineering","Sports, Science",Healthcare,Data Scientist
167,37,Other,High School,"Programming, Finance","Education, Healthcare",Engineering,Sports Coach
168,45,Male,High School,"Design, Engineering, Healthcare","Arts, Science",Entertainment,Sports Coach
169,43,Other,Bachelor's,"Marketing, Programming, Design","Business, Science",Healthcare,Artist
170,31,Female,High School,"Programming, Healthcare","Science, Sports",IT,Doctor
171,48,Other,Bachelor's,"Engineering, Design","Healthcare, Technology",Engineering,Software Engineer
172,19,Female,Bachelor's,Writing,Arts,IT,Artist
173,24,Female,High School,Writing,Healthcare,Entertainment,Marketing Manager
174,29,Male,PhD,Design,"Sports, Healthcare",Education,Software Engineer
175,29,Male,PhD,"Data Analysis, Engineering",Healthcare,IT,Mechanical Engineer
176,37,Male,PhD,"Engineering, Design",Science,Engineering,Financial Analyst
177,22,Other,Master's,Finance,Technology,Entertainment,Teacher
178,40,Male,Master's,"Writing, Engineering, Design",Technology,Finance,Mechanical Engineer
179,37,Female,Master's,"Marketing, Data Analysis",Education,Entertainment,Marketing Manager
180,46,Female,High School,Marketing,"Education, Science",IT,Artist
181,35,Male,PhD,"Finance, Design, Writing",Healthcare,Entertainment,Data Scientist
182,32,Other,Master's,Engineering,"Business, Sports",Finance,Mechanical Engineer
183,26,Male,PhD,Engineering,Business,Finance,Mechanical Engineer
184,20,Other,PhD,"Writing, Healthcare, Design",Arts,IT,Doctor
185,34,Other,Bachelor's,"Finance, Data Analysis, Programming",Technology,Entertainment,Mechanical Engineer
186,20,Female,High School,Writing,Education,Marketing,Software Engineer
187,30,Male,PhD,"Writing, Engineering, Data Analysis","Arts, Science",Engineering,Artist
188,18,Male,Bachelor's,Writing,"Technology, Healthcare",IT,Marketing Manager
189,34,Other,High School,"Engineering, Marketing",Healthcare,Engineering,Software Engineer
190,40,Male,High School,"Finance, Engineering","Arts, Healthcare",Entertainment,Graphic Designer
191,38,Male,Master's,Healthcare,"Technology, Healthcare",Healthcare,Marketing Manager
192,41,Other,Bachelor's,Engineering,"Education, Healthcare",IT,Sports Coach
193,32,Female,PhD,"Writing, Finance, Design","Technology, Education",Finance,Doctor
194,25,Female,High School,Healthcare,"Technology, Arts",Engineering,Financial Analyst
195,45,Male,Master's,Programming,Business,Engineering,Graphic Designer
196,24,Female,Master's,Data Analysis,Science,Entertainment,Data Scientist
197,21,Male,PhD,"Writing, Programming","Science, Sports",Entertainment,Artist
198,45,Other,High School,"Programming, Finance",Healthcare,Engineering,Doctor
199,29,Male,High School,Design,"Science, Education",Entertainment,Graphic Designer
200,20,Female,PhD,"Marketing, Design",Technology,Education,Financial Analyst
201,50,Female,PhD,Finance,"Healthcare, Arts",Healthcare,Financial Analyst
202,39,Male,Master's,"Writing, Programming","Science, Arts",Engineering,Mechanical Engineer
203,27,Other,PhD,"Writing, Design, Programming",Arts,Engineering,Graphic Designer
204,19,Other,PhD,"Design, Programming","Science, Healthcare",Education,Graphic Designer
205,40,Male,PhD,"Design, Healthcare","Technology, Business",Education,Mechanical Engineer
206,40,Female,Bachelor's,"Marketing, Healthcare, Writing","Sports, Business",Engineering,Financial Analyst
207,29,Male,PhD,"Healthcare, Finance, Marketing","Arts, Healthcare",IT,Financial Analyst
208,30,Other,Bachelor's,"Writing, Design","Arts, Sports",Education,Artist
209,33,Male,PhD,"Programming, Marketing, Finance","Technology, Education",Education,Sports Coach
210,39,Other,PhD,"Finance, Healthcare, Engineering",Education,Engineering,Financial Analyst
211,48,Male,Bachelor's,"Data Analysis, Writing, Programming",Sports,Engineering,Mechanical Engineer
212,47,Male,PhD,Healthcare,"Science, Arts",Finance,Data Scientist
213,33,Female,Master's,Finance,Sports,Entertainment,Mechanical Engineer
214,30,Female,PhD,"Finance, Writing","Sports, Education",Education,Software Engineer
215,37,Other,Master's,"Engineering, Healthcare","Education, Arts",Entertainment,Marketing Manager
216,41,Other,Master's,"Healthcare, Programming, Data Analysis","Arts, Science",Marketing,Sports Coach
217,41,Other,High School,"Marketing, Healthcare",Sports,Engineering,Mechanical Engineer
218,19,Female,High School,"Data Analysis, Healthcare","Science, Business",IT,Teacher
219,26,Other,Master's,"Programming, Finance, Marketing",Education,Entertainment,Graphic Designer
220,43,Other,High School,"Data Analysis, Marketing",Business,Marketing,Doctor
221,20,Male,Master's,Design,"Sports, Healthcare",Engineering,Artist
222,26,Female,Bachelor's,"Marketing, Design, Healthcare",Education,Healthcare,Graphic Designer
223,31,Female,Master's,Programming,"Business, Technology",Marketing,Doctor
224,25,Male,Master's,"Programming, Writing",Business,Healthcare,Sports Coach
225,38,Other,PhD,Programming,Technology,Healthcare,Artist
226,29,Female,Master's,"Data Analysis, Design","Business, Science",IT,Mechanical Engineer
227,37,Other,High School,"Engineering, Writing, Data Analysis","Sports, Healthcare",Education,Data Scientist
228,47,Other,Bachelor's,"Data Analysis, Engineering, Writing","Technology, Education",Entertainment,Data Scientist
229,48,Other,Master's,Writing,Business,Healthcare,Software Engineer
230,33,Other,PhD,"Healthcare, Design, Data Analysis",Arts,IT,Doctor
231,39,Other,Master's,Data Analysis,"Science, Technology",IT,Teacher
232,50,Male,High School,"Data Analysis, Writing",Arts,IT,Teacher
233,25,Male,Bachelor's,"Marketing, Programming","Sports, Business",Education,Marketing Manager
234,37,Other,Bachelor's,"Design, Healthcare, Marketing",Technology,Entertainment,Graphic Designer
235,48,Female,High School,"Healthcare, Programming",Science,Healthcare,Graphic Designer
236,18,Female,PhD,"Programming, Design, Healthcare",Sports,Entertainment,Data Scientist
237,44,Female,Master's,"Design, Finance, Marketing","Science, Technology",Finance,Doctor
238,37,Male,Master's,"Healthcare, Finance, Writing","Healthcare, Sports",Engineering,Graphic Designer
239,19,Other,High School,Marketing,"Arts, Business",IT,Mechanical Engineer
240,21,Female,Bachelor's,Programming,Sports,Education,Sports Coach
241,24,Male,Master's,Marketing,"Arts, Technology",Finance,Artist
242,38,Female,PhD,"Data Analysis, Programming, Marketing",Arts,IT,Sports Coach
243,21,Female,Bachelor's,"Healthcare, Design",Business,Finance,Data Scientist
244,23,Other,PhD,"Healthcare, Marketing, Engineering",Arts,Education,Artist
245,30,Other,High School,Writing,"Healthcare, Education",IT,Software Engineer
246,22,Female,Bachelor's,"Healthcare, Programming",Arts,Marketing,Sports Coach
247,34,Male,PhD,"Healthcare, Marketing","Sports, Healthcare",Finance,Sports Coach
248,37,Male,High School,Design,"Healthcare, Education",Marketing,Sports Coach
249,39,Female,High School,Marketing,"Technology, Arts",Engineering,Artist
250,38,Other,PhD,"Finance, Engineering, Marketing","Healthcare, Technology",IT,Artist
251,50,Other,PhD,"Finance, Writing, Design",Science,Marketing,Doctor
252,39,Male,High School,Writing,Business,Entertainment,Teacher
253,40,Male,Master's,Healthcare,Education,Finance,Teacher
254,45,Other,High School,"Healthcare, Finance",Sports,Education,Graphic Designer
255,30,Other,High School,"Writing, Marketing, Data Analysis","Science, Business",IT,Teacher
256,42,Other,Master's,Design,Healthcare,Healthcare,Teacher
257,22,Male,High School,"Finance, Writing, Marketing","Education, Science",Marketing,Artist
258,44,Other,High School,Design,"Business, Sports",Healthcare,Marketing Manager
259,36,Other,Master's,"Data Analysis, Writing","Education, Sports",Marketing,Financial Analyst
260,40,Male,Master's,Healthcare,"Technology, Science",Engineering,Graphic Designer
261,27,Other,PhD,"Writing, Design","Arts, Business",IT,Software Engineer
262,37,Male,PhD,"Design, Marketing","Arts, Education",Entertainment,Mechanical Engineer
263,24,Other,High School,"Finance, Engineering, Programming",Science,Finance,Graphic Designer
264,48,Male,Bachelor's,"Healthcare, Engineering",Sports,Education,Artist
265,22,Female,PhD,"Programming, Writing","Education, Sports",Entertainment,Doctor
266,22,Female,Bachelor's,Design,Education,Healthcare,Financial Analyst
267,24,Male,PhD,"Finance, Programming","Arts, Technology",Education,Graphic Designer
268,20,Male,Master's,Data Analysis,Education,IT,Financial Analyst
269,29,Female,High School,"Writing, Programming","Science, Sports",IT,Graphic Designer
270,42,Other,Master's,"Data Analysis, Writing, Programming",Healthcare,IT,Data Scientist
271,39,Female,Master's,Healthcare,"Healthcare, Science",Marketing,Doctor
272,35,Male,Bachelor's,"Design, Marketing, Engineering","Healthcare, Technology",Marketing,Teacher
273,29,Other,High School,"Data Analysis, Design","Arts, Education",Marketing,Graphic Designer
274,46,Male,Master's,Engineering,Business,Entertainment,Data Scientist
275,46,Female,High School,"Writing, Marketing, Engineering",Business,IT,Artist
276,50,Female,Master's,"Design, Marketing, Finance",Technology,IT,Marketing Manager
277,23,Other,Master's,"Marketing, Finance","Arts, Sports",Entertainment,Marketing Manager
278,18,Male,Bachelor's,Data Analysis,"Sports, Business",Education,Financial Analyst
279,26,Female,Bachelor's,Engineering,Technology,Education,Software Engineer
280,32,Female,Bachelor's,Marketing,Science,Engineering,Data Scientist
281,30,Female,Master's,"Programming, Finance, Healthcare","Education, Healthcare",Engineering,Artist
282,19,Male,PhD,"Data Analysis, Healthcare, Writing","Education, Healthcare",Engineering,Mechanical Engineer
283,33,Female,Master's,Marketing,Education,Marketing,Data Scientist
284,26,Male,Master's,Writing,"Technology, Sports",Finance,Financial Analyst
285,28,Male,High School,Finance,"Healthcare, Education",Finance,Doctor
286,27,Male,Bachelor's,"Marketing, Finance",Sports,IT,Mechanical Engineer
287,27,Other,PhD,"Engineering, Marketing, Writing",Education,Entertainment,Doctor
288,33,Other,Bachelor's,"Healthcare, Data Analysis, Design","Science, Business",IT,Artist
289,33,Male,Master's,Writing,Science,Finance,Sports Coach
290,38,Male,High School,"Data Analysis, Healthcare","Sports, Technology",Education,Marketing Manager
291,20,Female,High School,Data Analysis,Healthcare,Healthcare,Marketing Manager
292,24,Male,Master's,Design,Sports,Entertainment,Sports Coach
293,32,Other,Master's,"Data Analysis, Programming, Writing",Technology,IT,Mechanical Engineer
294,40,Male,Bachelor's,"Programming, Design","Science, Technology",Healthcare,Graphic Designer
295,30,Other,Master's,"Marketing, Writing, Data Analysis",Business,Finance,Data Scientist
296,18,Female,High School,"Programming, Engineering","Technology, Science",Finance,Graphic Designer
297,46,Male,Master's,Healthcare,Education,Finance,Artist
298,30,Female,PhD,Design,"Healthcare, Sports",IT,Graphic Designer
299,37,Female,Bachelor's,Marketing,"Science, Education",Healthcare,Teacher
300,35,Female,Master's,"Data Analysis, Marketing","Sports, Education",Finance,Software Engineer
301,28,Male,PhD,"Data Analysis, Finance, Writing","Science, Technology",IT,Artist
302,19,Male,High School,"Finance, Healthcare, Data Analysis",Sports,Marketing,Software Engineer
303,26,Female,Master's,"Healthcare, Writing, Programming",Technology,Entertainment,Mechanical Engineer
304,39,Female,High School,"Finance, Programming, Engineering",Science,Healthcare,Teacher
305,46,Male,Master's,"Programming, Finance, Marketing",Business,Entertainment,Doctor
306,28,Other,PhD,"Programming, Finance, Marketing",Sports,Healthcare,Artist
307,47,Female,Master's,"Engineering, Healthcare, Programming","Sports, Science",Engineering,Sports Coach
308,44,Male,Bachelor's,"Engineering, Finance, Writing",Healthcare,Education,Financial Analyst
309,42,Male,PhD,"Engineering, Programming, Data Analysis","Science, Sports",Entertainment,Marketing Manager
310,47,Female,Master's,"Design, Healthcare, Programming","Sports, Healthcare",Engineering,Teacher
311,19,Other,Bachelor's,"Healthcare, Data Analysis, Writing",Business,Entertainment,Artist
312,26,Female,PhD,"Healthcare, Engineering","Arts, Science",Finance,Sports Coach
313,39,Male,Master's,Engineering,"Technology, Business",IT,Artist
314,30,Male,PhD,"Writing, Finance","Business, Arts",Entertainment,Financial Analyst
315,28,Female,Master's,"Engineering, Data Analysis",Business,Engineering,Data Scientist
316,35,Male,PhD,Finance,Sports,IT,Sports Coach
317,40,Male,PhD,"Writing, Engineering, Finance","Technology, Science",Finance,Data Scientist
318,47,Male,High School,"Data Analysis, Design",Education,IT,Sports Coach
319,49,Other,High School,"Finance, Writing, Engineering","Business, Sports",Entertainment,Data Scientist
320,37,Other,High School,"Data Analysis, Design",Technology,Engineering,Graphic Designer
321,33,Male,Master's,"Data Analysis, Design",Business,Finance,Teacher
322,28,Other,Bachelor's,"Writing, Design",Healthcare,Entertainment,Graphic Designer
323,26,Other,PhD,"Healthcare, Engineering",Technology,Education,Artist
324,46,Male,Bachelor's,Writing,"Sports, Science",Marketing,Mechanical Engineer
325,45,Male,High School,Design,"Sports, Science",IT,Graphic Designer
326,40,Male,High School,"Engineering, Finance",Business,Healthcare,Graphic Designer
327,35,Female,Master's,"Marketing, Engineering, Writing",Healthcare,Finance,Mechanical Engineer
328,47,Female,Bachelor's,Marketing,Education,Engineering,Mechanical Engineer
329,18,Male,High School,Design,Technology,IT,Sports Coach
330,25,Female,Bachelor's,"Writing, Healthcare","Healthcare, Technology",Education,Doctor
331,44,Other,Bachelor's,Design,"Sports, Technology",Education,Data Scientist
332,20,Other,Bachelor's,"Marketing, Engineering",Sports,IT,Data Scientist
333,42,Male,Bachelor's,Marketing,Science,IT,Data Scientist
334,43,Female,PhD,"Writing, Programming, Engineering",Healthcare,IT,Artist
335,31,Female,Bachelor's,"Healthcare, Design",Business,Finance,Sports Coach
336,18,Female,Master's,"Healthcare, Design, Marketing",Healthcare,Education,Mechanical Engineer
337,38,Male,Bachelor's,"Finance, Healthcare","Technology, Arts",Marketing,Teacher
338,43,Other,PhD,Design,Education,Marketing,Marketing Manager
339,34,Other,Bachelor's,Finance,Sports,Healthcare,Marketing Manager
340,25,Female,Master's,"Healthcare, Writing, Marketing","Education, Technology",Marketing,Teacher
341,43,Female,Bachelor's,"Data Analysis, Writing, Engineering","Technology, Healthcare",Education,Teacher
342,20,Other,High School,"Programming, Finance, Data Analysis",Technology,Engineering,Marketing Manager
343,38,Female,Bachelor's,"Design, Finance","Arts, Sports",Entertainment,Financial Analyst
344,45,Other,PhD,"Finance, Programming, Healthcare",Education,Education,Artist
345,31,Female,Bachelor's,"Finance, Healthcare, Marketing","Science, Business",IT,Mechanical Engineer
346,35,Other,Master's,"Marketing, Healthcare","Business, Arts",IT,Graphic Designer
347,42,Other,High School,"Engineering, Data Analysis",Technology,Healthcare,Mechanical Engineer
348,48,Other,High School,"Finance, Marketing, Data Analysis","Science, Sports",IT,Data Scientist
349,31,Female,PhD,Programming,Business,Engineering,Data Scientist
350,33,Female,Master's,"Healthcare, Data Analysis","Education, Healthcare",Healthcare,Teacher
351,23,Female,High School,Design,"Technology, Arts",Education,Sports Coach
352,24,Other,High School,"Programming, Marketing, Engineering",Technology,Finance,Marketing Manager
353,22,Female,Master's,"Design, Data Analysis",Healthcare,Healthcare,Financial Analyst
354,25,Male,Bachelor's,"Finance, Data Analysis, Writing","Science, Education",Entertainment,Doctor
355,32,Male,PhD,"Engineering, Healthcare, Data Analysis","Healthcare, Sports",Engineering,Data Scientist
356,36,Male,High School,"Data Analysis, Programming",Technology,Healthcare,Teacher
357,42,Male,PhD,Writing,"Healthcare, Business",Engineering,Doctor
358,50,Female,Master's,"Engineering, Writing","Technology, Science",IT,Sports Coach
359,22,Other,Master's,"Marketing, Finance",Business,Education,Graphic Designer
360,36,Female,Bachelor's,"Finance, Data Analysis, Writing","Sports, Arts",IT,Doctor
361,43,Female,Bachelor's,"Marketing, Programming","Sports, Science",IT,Graphic Designer
362,37,Other,High School,"Marketing, Finance","Business, Sports",Marketing,Doctor
363,50,Other,High School,"Engineering, Design, Data Analysis",Arts,Healthcare,Marketing Manager
364,41,Male,Bachelor's,Finance,Arts,IT,Mechanical Engineer
365,34,Other,PhD,Writing,"Science, Technology",Engineering,Graphic Designer
366,27,Male,High School,Programming,"Business, Science",Education,Software Engineer
367,21,Female,Bachelor's,Finance,"Sports, Technology",Healthcare,Data Scientist
368,43,Male,High School,Finance,Science,Healthcare,Marketing Manager
369,41,Other,PhD,Programming,"Technology, Business",Healthcare,Marketing Manager
370,27,Male,PhD,"Writing, Marketing",Sports,Engineering,Teacher
371,39,Female,PhD,"Marketing, Design, Programming","Business, Sports",Engineering,Marketing Manager
372,45,Other,Bachelor's,Programming,Arts,Marketing,Mechanical Engineer
373,26,Other,PhD,"Writing, Programming","Technology, Business",Engineering,Teacher
374,41,Female,Master's,"Design, Finance, Writing",Business,Engineering,Financial Analyst
375,19,Other,Bachelor's,"Writing, Programming",Sports,Education,Data Scientist
376,37,Female,Master's,"Engineering, Finance, Marketing",Science,Entertainment,Software Engineer
377,36,Male,Bachelor's,Writing,Technology,Marketing,Sports Coach
378,29,Other,High School,Marketing,"Education, Business",Marketing,Financial Analyst
379,31,Other,Master's,"Healthcare, Data Analysis, Finance",Education,IT,Marketing Manager
380,45,Other,Bachelor's,"Programming, Finance, Engineering","Sports, Technology",Finance,Graphic Designer
381,23,Other,Master's,"Design, Healthcare, Programming",Science,Entertainment,Financial Analyst
382,30,Male,Master's,"Design, Writing, Engineering","Science, Business",Education,Artist
383,22,Female,High School,Programming,Education,Engineering,Mechanical Engineer
384,31,Other,Bachelor's,Design,"Education, Business",Marketing,Marketing Manager
385,32,Female,PhD,"Writing, Engineering",Technology,Healthcare,Doctor
386,29,Female,High School,"Writing, Marketing, Programming","Healthcare, Education",Education,Sports Coach
387,36,Female,Bachelor's,Design,"Education, Science",Marketing,Graphic Designer
388,38,Female,Master's,Marketing,"Business, Sports",IT,Doctor
389,31,Male,High School,Writing,Science,Marketing,Marketing Manager
390,47,Other,High School,Writing,"Business, Sports",Education,Graphic Designer
391,39,Male,Bachelor's,"Data Analysis, Engineering, Writing",Business,Education,Doctor
392,46,Other,PhD,"Design, Finance","Healthcare, Sports",Healthcare,Data Scientist
393,24,Male,PhD,Design,Technology,Engineering,Sports Coach
394,37,Other,Bachelor's,"Design, Healthcare, Engineering",Science,IT,Marketing Manager
395,34,Other,High School,"Data Analysis, Engineering, Design",Arts,Marketing,Marketing Manager
396,36,Female,PhD,"Marketing, Healthcare, Finance",Arts,Education,Mechanical Engineer
397,31,Male,Bachelor's,Writing,Arts,IT,Teacher
398,41,Other,Bachelor's,Engineering,"Technology, Sports",Engineering,Artist
399,31,Male,Master's,"Writing, Design","Sports, Education",Engineering,Doctor
400,34,Female,Master's,"Engineering, Finance",Technology,Marketing,Artist
401,19,Other,High School,"Engineering, Data Analysis, Finance","Arts, Healthcare",Education,Graphic Designer
402,41,Male,Master's,Engineering,"Education, Healthcare",Healthcare,Artist
403,22,Other,Master's,"Engineering, Design, Finance",Education,Entertainment,Marketing Manager
404,43,Other,PhD,"Data Analysis, Writing",Education,Education,Software Engineer
405,23,Female,High School,"Engineering, Programming, Writing",Technology,Engineering,Data Scientist
406,33,Other,Master's,Writing,"Healthcare, Sports",Engineering,Doctor
407,27,Male,Bachelor's,"Programming, Data Analysis","Science, Arts",Engineering,Graphic Designer
408,49,Other,Master's,"Data Analysis, Healthcare",Business,Education,Software Engineer
409,36,Female,Master's,"Design, Marketing",Education,Finance,Doctor
410,28,Other,High School,Engineering,Business,Marketing,Sports Coach
411,33,Other,Master's,Programming,"Healthcare, Business",Education,Graphic Designer
412,20,Female,High School,"Data Analysis, Programming, Marketing","Sports, Business",Engineering,Data Scientist
413,47,Other,Master's,"Finance, Writing, Data Analysis","Technology, Education",IT,Doctor
414,38,Other,PhD,"Healthcare, Design, Programming",Healthcare,Healthcare,Data Scientist
415,35,Male,PhD,Finance,"Healthcare, Technology",Entertainment,Software Engineer
416,36,Female,PhD,Healthcare,"Arts, Education",Entertainment,Financial Analyst
417,49,Female,Bachelor's,"Engineering, Healthcare","Education, Healthcare",Marketing,Mechanical Engineer
418,35,Female,High School,"Design, Engineering, Data Analysis",Education,Healthcare,Sports Coach
419,39,Other,Master's,Programming,Business,IT,Teacher
420,22,Female,High School,"Engineering, Marketing","Healthcare, Science",Engineering,Software Engineer
421,38,Other,Master's,"Data Analysis, Programming","Sports, Healthcare",Finance,Sports Coach
422,46,Male,Bachelor's,Programming,Arts,Marketing,Marketing Manager
423,23,Other,PhD,"Marketing, Engineering","Science, Business",Finance,Doctor
424,36,Female,Bachelor's,"Finance, Healthcare","Science, Sports",Entertainment,Graphic Designer
425,44,Female,PhD,"Design, Programming, Healthcare",Technology,IT,Financial Analyst
426,35,Male,High School,"Writing, Marketing, Programming",Sports,Healthcare,Teacher
427,27,Female,High School,"Writing, Design, Healthcare",Arts,Finance,Artist
428,35,Other,Bachelor's,"Writing, Design","Technology, Arts",Finance,Software Engineer
429,34,Male,Master's,Design,Science,Marketing,Financial Analyst
430,35,Male,Bachelor's,Programming,"Healthcare, Business",Finance,Data Scientist
431,22,Female,Master's,"Finance, Writing, Engineering",Business,Finance,Teacher
432,37,Female,Bachelor's,"Healthcare, Engineering, Finance","Arts, Technology",Entertainment,Teacher
433,29,Other,PhD,"Finance, Data Analysis, Healthcare",Arts,IT,Mechanical Engineer
434,36,Other,Master's,Programming,"Education, Sports",Entertainment,Mechanical Engineer
435,29,Female,PhD,Engineering,"Business, Technology",IT,Mechanical Engineer
436,23,Female,High School,"Writing, Programming, Design","Sports, Business",Healthcare,Data Scientist
437,31,Other,PhD,Programming,Education,Engineering,Sports Coach
438,40,Female,Master's,"Finance, Writing","Education, Healthcare",IT,Doctor
439,25,Other,Bachelor's,Marketing,"Arts, Business",Finance,Graphic Designer
440,29,Female,High School,"Writing, Data Analysis, Healthcare","Arts, Science",Marketing,Sports Coach
441,33,Male,High School,Engineering,"Technology, Science",Engineering,Sports Coach
442,29,Female,PhD,"Marketing, Data Analysis",Arts,IT,Mechanical Engineer
443,39,Other,Bachelor's,"Finance, Marketing",Technology,Entertainment,Financial Analyst
444,38,Female,Master's,Healthcare,"Healthcare, Business",Education,Teacher
445,25,Male,Bachelor's,Writing,"Business, Arts",Education,Artist
446,33,Female,High School,"Writing, Data Analysis, Marketing",Healthcare,Finance,Software Engineer
447,38,Female,PhD,"Healthcare, Programming, Writing",Technology,Healthcare,Financial Analyst
448,45,Other,PhD,Data Analysis,"Education, Science",Engineering,Mechanical Engineer
449,47,Female,High School,"Marketing, Data Analysis","Healthcare, Education",Entertainment,Graphic Designer
450,32,Male,Bachelor's,Finance,Arts,IT,Teacher
451,36,Other,Bachelor's,"Writing, Programming, Design","Business, Healthcare",Education,Teacher
452,33,Male,High School,"Data Analysis, Writing","Science, Healthcare",IT,Mechanical Engineer
453,34,Male,Bachelor's,"Programming, Finance, Marketing","Education, Sports",Engineering,Software Engineer
454,25,Female,High School,"Writing, Design, Engineering","Healthcare, Sports",Education,Graphic Designer
455,46,Other,Master's,"Engineering, Writing",Healthcare,Education,Artist
456,26,Female,PhD,Writing,"Business, Technology",Engineering,Teacher
457,20,Other,High School,"Programming, Engineering, Marketing","Education, Arts",Engineering,Mechanical Engineer
458,28,Female,Master's,"Programming, Data Analysis, Engineering",Science,Entertainment,Data Scientist
459,20,Male,PhD,"Writing, Programming, Healthcare",Healthcare,Engineering,Doctor
460,38,Male,High School,Engineering,"Arts, Education",Healthcare,Artist
461,21,Other,High School,"Data Analysis, Engineering",Science,Healthcare,Mechanical Engineer
462,26,Other,Bachelor's,"Engineering, Writing",Technology,Engineering,Mechanical Engineer
463,46,Female,Master's,Data Analysis,"Technology, Healthcare",Marketing,Marketing Manager
464,44,Other,Master's,Data Analysis,"Business, Technology",IT,Marketing Manager
465,29,Other,PhD,"Marketing, Writing",Education,Marketing,Financial Analyst
466,46,Male,High School,"Healthcare, Design, Finance","Healthcare, Technology",Finance,Data Scientist
467,29,Female,High School,"Healthcare, Finance, Marketing",Healthcare,Finance,Marketing Manager
468,38,Female,Bachelor's,"Programming, Design, Data Analysis","Technology, Healthcare",Healthcare,Financial Analyst
469,32,Female,Master's,Engineering,Healthcare,Engineering,Graphic Designer
470,50,Male,Master's,"Data Analysis, Finance, Design","Technology, Arts",Entertainment,Teacher
471,20,Male,Master's,Writing,Science,Engineering,Teacher
472,34,Female,Master's,"Marketing, Engineering, Data Analysis","Technology, Science",Marketing,Mechanical Engineer
473,50,Male,High School,"Engineering, Design, Finance",Technology,Finance,Doctor
474,41,Female,Bachelor's,Healthcare,Healthcare,Healthcare,Marketing Manager
475,32,Male,PhD,"Marketing, Programming","Science, Education",Education,Data Scientist
476,24,Other,PhD,"Engineering, Programming","Arts, Sports",Healthcare,Teacher
477,20,Female,PhD,"Data Analysis, Healthcare","Business, Sports",Healthcare,Software Engineer
478,31,Other,Bachelor's,"Design, Programming","Technology, Arts",Entertainment,Marketing Manager
479,28,Male,Master's,"Finance, Data Analysis","Sports, Science",Finance,Marketing Manager
480,29,Male,High School,"Data Analysis, Writing",Science,Entertainment,Marketing Manager
481,36,Other,PhD,"Marketing, Healthcare, Writing","Sports, Healthcare",Entertainment,Graphic Designer
482,45,Other,Bachelor's,Marketing,"Arts, Business",Marketing,Graphic Designer
483,23,Male,High School,"Engineering, Marketing, Design",Science,Marketing,Marketing Manager
484,40,Female,PhD,"Marketing, Design","Technology, Arts",Education,Software Engineer
485,44,Male,Master's,"Finance, Healthcare","Sports, Education",Finance,Marketing Manager
486,46,Female,Bachelor's,Finance,"Sports, Arts",Education,Marketing Manager
487,26,Male,PhD,"Finance, Engineering, Marketing","Healthcare, Business",Education,Artist
488,48,Other,High School,"Healthcare, Marketing","Education, Sports",Finance,Data Scientist
489,49,Male,High School,"Design, Finance, Data Analysis",Healthcare,Finance,Teacher
490,40,Other,PhD,"Programming, Writing",Healthcare,Healthcare,Software Engineer
491,35,Other,Master's,Healthcare,"Healthcare, Sports",Healthcare,Data Scientist
492,22,Other,PhD,"Healthcare, Writing","Science, Healthcare",Finance,Sports Coach
493,46,Male,High School,"Programming, Engineering, Data Analysis","Education, Science",Finance,Mechanical Engineer
494,45,Female,Bachelor's,Programming,Arts,IT,Data Scientist
495,35,Male,High School,Programming,"Arts, Science",Finance,Artist
496,49,Female,PhD,Data Analysis,Arts,Marketing,Teacher
497,40,Other,High School,"Programming, Data Analysis, Finance","Sports, Healthcare",Healthcare,Mechanical Engineer
498,22,Male,High School,Healthcare,"Business, Science",Healthcare,Sports Coach
499,41,Other,High School,Data Analysis,Healthcare,Entertainment,Doctor
500,21,Female,Bachelor's,Design,"Sports, Technology",IT,Marketing Manager
501,23,Female,Bachelor's,"Finance, Healthcare","Sports, Science",Education,Marketing Manager
502,44,Male,Bachelor's,"Finance, Design, Healthcare","Sports, Healthcare",IT,Marketing Manager
503,31,Male,High School,Marketing,"Sports, Business",Education,Doctor
504,22,Other,Bachelor's,Engineering,"Sports, Education",Engineering,Graphic Designer
505,47,Male,Master's,Engineering,"Technology, Sports",Healthcare,Software Engineer
506,29,Male,Bachelor's,"Data Analysis, Design, Programming","Business, Science",Engineering,Artist
507,31,Male,Master's,Marketing,Sports,Finance,Mechanical Engineer
508,25,Other,Master's,"Finance, Programming, Marketing",Sports,Healthcare,Artist
509,23,Other,PhD,Healthcare,Healthcare,Healthcare,Financial Analyst
510,33,Female,PhD,Finance,"Education, Sports",Marketing,Graphic Designer
511,24,Female,PhD,Design,Science,Engineering,Financial Analyst
512,34,Other,High School,"Design, Writing","Science, Sports",Marketing,Marketing Manager
513,45,Male,Master's,"Data Analysis, Engineering, Design",Education,IT,Software Engineer
514,19,Other,High School,Programming,Arts,Finance,Data Scientist
515,23,Female,Master's,"Writing, Design","Education, Arts",Entertainment,Financial Analyst
516,43,Female,Master's,"Marketing, Design",Arts,Finance,Doctor
517,50,Male,Bachelor's,Programming,Technology,IT,Teacher
518,30,Male,Master's,"Design, Engineering, Data Analysis","Healthcare, Arts",Finance,Graphic Designer
519,25,Female,Master's,Healthcare,"Sports, Healthcare",Finance,Teacher
520,45,Male,High School,"Engineering, Data Analysis",Technology,Marketing,Mechanical Engineer
521,50,Male,Master's,"Engineering, Data Analysis","Business, Education",Engineering,Marketing Manager
522,45,Other,PhD,"Design, Data Analysis, Writing","Education, Healthcare",Education,Data Scientist
523,32,Other,PhD,"Data Analysis, Design, Programming",Business,Education,Teacher
524,19,Other,Master's,"Data Analysis, Writing","Education, Business",Marketing,Artist
525,34,Female,High School,"Engineering, Healthcare, Programming",Science,Engineering,Marketing Manager
526,27,Female,Master's,"Marketing, Engineering","Arts, Business",IT,Data Scientist
527,26,Other,PhD,"Design, Finance","Sports, Education",IT,Mechanical Engineer
528,38,Female,High School,"Data Analysis, Writing, Finance","Education, Sports",Healthcare,Software Engineer
529,34,Other,High School,"Finance, Design, Marketing","Sports, Healthcare",Education,Financial Analyst
530,47,Male,Bachelor's,Marketing,Education,IT,Artist
531,29,Male,PhD,"Data Analysis, Engineering",Science,Marketing,Financial Analyst
532,31,Male,Bachelor's,Writing,Business,Marketing,Artist
533,48,Female,Bachelor's,"Engineering, Design, Writing","Healthcare, Business",Healthcare,Sports Coach
534,21,Other,High School,"Healthcare, Writing, Marketing",Technology,IT,Data Scientist
535,34,Male,High School,"Engineering, Marketing, Writing",Sports,Marketing,Teacher
536,19,Male,PhD,Engineering,"Arts, Science",Education,Software Engineer
537,34,Other,High School,"Design, Marketing",Education,Healthcare,Software Engineer
538,28,Other,High School,"Writing, Marketing, Design",Science,IT,Mechanical Engineer
539,31,Other,PhD,"Programming, Marketing",Education,Healthcare,Artist
540,27,Male,PhD,"Healthcare, Writing",Education,Entertainment,Doctor
541,50,Female,Master's,Engineering,"Science, Arts",Finance,Mechanical Engineer
542,22,Male,PhD,"Finance, Data Analysis, Design",Healthcare,Healthcare,Doctor
543,48,Male,Bachelor's,"Finance, Marketing, Programming",Sports,Entertainment,Mechanical Engineer
544,45,Male,High School,"Data Analysis, Marketing","Education, Arts",Marketing,Software Engineer
545,36,Male,PhD,"Programming, Writing, Engineering",Technology,Marketing,Artist
546,45,Male,High School,"Marketing, Engineering, Data Analysis","Business, Science",Engineering,Sports Coach
547,48,Female,Master's,Marketing,Healthcare,Marketing,Marketing Manager
548,22,Male,Bachelor's,"Data Analysis, Engineering","Sports, Education",Engineering,Marketing Manager
549,18,Other,PhD,Engineering,Sports,Finance,Mechanical Engineer
550,39,Male,Bachelor's,Writing,"Sports, Healthcare",Finance,Software Engineer
551,19,Male,PhD,"Healthcare, Data Analysis, Finance","Science, Arts",Entertainment,Artist
552,32,Other,PhD,"Engineering, Writing",Sports,IT,Marketing Manager
553,38,Other,Bachelor's,"Writing, Design","Education, Technology",IT,Mechanical Engineer
554,42,Female,Master's,Finance,Business,Entertainment,Teacher
555,26,Male,PhD,"Writing, Programming",Science,Healthcare,Artist
556,48,Other,Bachelor's,"Design, Finance, Marketing",Technology,Finance,Doctor
557,21,Male,Master's,"Programming, Data Analysis, Engineering",Technology,Entertainment,Teacher
558,44,Other,PhD,Engineering,"Education, Arts",Marketing,Artist
559,20,Other,PhD,"Marketing, Programming, Data Analysis",Business,Healthcare,Teacher
560,38,Male,Master's,"Healthcare, Finance, Data Analysis","Arts, Science",Healthcare,Marketing Manager
561,49,Male,PhD,Writing,"Sports, Arts",Engineering,Teacher
562,47,Male,Master's,"Design, Programming, Healthcare","Sports, Science",Finance,Doctor
563,19,Other,Master's,"Writing, Programming, Healthcare","Technology, Arts",Education,Software Engineer
564,41,Male,High School,"Marketing, Programming",Business,IT,Software Engineer
565,21,Other,PhD,Writing,Science,Engineering,Software Engineer
566,19,Other,Bachelor's,"Programming, Finance",Arts,Marketing,Doctor
567,25,Female,High School,"Design, Finance, Data Analysis",Healthcare,Education,Financial Analyst
568,35,Other,High School,"Data Analysis, Finance",Healthcare,Marketing,Financial Analyst
569,22,Other,PhD,"Writing, Programming, Data Analysis",Healthcare,Entertainment,Software Engineer
570,31,Other,Master's,Design,Healthcare,Engineering,Mechanical Engineer
571,33,Other,Bachelor's,"Engineering, Finance",Education,Education,Financial Analyst
572,40,Male,Master's,"Design, Programming, Marketing",Education,Education,Artist
573,26,Female,Bachelor's,Design,"Science, Technology",Healthcare,Marketing Manager
574,46,Other,Bachelor's,"Healthcare, Finance",Arts,IT,Financial Analyst
575,19,Female,Bachelor's,Writing,"Science, Education",IT,Marketing Manager
576,46,Male,Bachelor's,Healthcare,"Science, Healthcare",Healthcare,Artist
577,50,Female,High School,"Writing, Healthcare","Sports, Business",Education,Teacher
578,45,Other,Master's,"Marketing, Programming","Science, Technology",Marketing,Artist
579,47,Female,Bachelor's,"Finance, Marketing","Technology, Arts",Finance,Artist
580,37,Female,PhD,"Data Analysis, Marketing",Sports,Marketing,Financial Analyst
581,46,Other,PhD,"Programming, Healthcare",Science,Entertainment,Sports Coach
582,31,Female,Master's,"Design, Writing","Science, Business",Marketing,Teacher
583,31,Female,High School,"Engineering, Programming","Education, Sports",IT,Graphic Designer
584,37,Other,Master's,Finance,Technology,Marketing,Artist
585,40,Male,Master's,"Design, Finance, Engineering","Technology, Sports",Engineering,Artist
586,44,Female,PhD,"Healthcare, Marketing",Healthcare,Entertainment,Financial Analyst
587,45,Male,Master's,"Healthcare, Design, Marketing","Education, Technology",Healthcare,Sports Coach
588,33,Other,High School,Finance,"Business, Technology",Education,Mechanical Engineer
589,21,Male,Bachelor's,"Data Analysis, Programming, Marketing","Arts, Science",Education,Mechanical Engineer
590,50,Female,PhD,"Engineering, Data Analysis, Marketing",Science,Marketing,Data Scientist
591,25,Female,High School,"Data Analysis, Writing",Education,Finance,Teacher
592,50,Female,PhD,"Healthcare, Writing",Arts,IT,Artist
593,48,Male,Bachelor's,"Healthcare, Design","Healthcare, Arts",Entertainment,Teacher
594,50,Other,PhD,"Writing, Healthcare","Sports, Healthcare",Marketing,Mechanical Engineer
595,39,Male,Master's,"Data Analysis, Marketing, Programming",Technology,IT,Sports Coach
596,39,Male,Master's,"Programming, Data Analysis, Writing",Business,Healthcare,Teacher
597,21,Other,Bachelor's,Design,"Arts, Healthcare",Finance,Artist
598,40,Female,PhD,"Marketing, Programming, Engineering",Technology,IT,Financial Analyst
599,43,Female,High School,"Finance, Healthcare",Education,IT,Data Scientist
600,48,Other,Master's,"Programming, Finance","Education, Arts",Marketing,Software Engineer
601,22,Male,Master's,"Writing, Data Analysis, Design","Arts, Science",Entertainment,Financial Analyst
602,23,Male,PhD,"Finance, Writing, Data Analysis",Healthcare,Education,Financial Analyst
603,21,Other,Bachelor's,"Design, Healthcare",Education,Engineering,Artist
604,19,Other,High School,Engineering,"Science, Arts",Education,Software Engineer
605,48,Female,High School,"Engineering, Design","Healthcare, Education",Education,Doctor
606,30,Other,High School,Programming,Education,Engineering,Software Engineer
607,32,Male,High School,"Programming, Marketing","Education, Healthcare",IT,Doctor
608,19,Other,PhD,"Engineering, Data Analysis, Writing",Technology,Finance,Graphic Designer
609,46,Male,PhD,Programming,Education,Engineering,Teacher
610,39,Male,High School,"Finance, Data Analysis, Programming","Science, Sports",Marketing,Financial Analyst
611,28,Male,PhD,Finance,"Healthcare, Science",Entertainment,Data Scientist
612,39,Male,Master's,"Programming, Writing, Design","Healthcare, Sports",Marketing,Teacher
613,45,Male,Master's,Data Analysis,"Technology, Business",Finance,Sports Coach
614,36,Other,High School,"Finance, Writing, Data Analysis",Business,Engineering,Teacher
615,31,Other,Master's,"Healthcare, Marketing, Engineering",Business,Finance,Mechanical Engineer
616,22,Other,Master's,"Healthcare, Engineering, Finance",Education,IT,Sports Coach
617,25,Male,Bachelor's,"Data Analysis, Writing, Finance","Business, Healthcare",Engineering,Software Engineer
618,46,Male,Master's,Finance,Business,Engineering,Doctor
619,35,Male,Master's,"Healthcare, Writing, Engineering",Business,Finance,Artist
620,41,Female,High School,"Writing, Marketing","Business, Education",Engineering,Financial Analyst
621,22,Other,Bachelor's,Healthcare,"Science, Sports",Entertainment,Artist
622,32,Female,Bachelor's,Programming,"Technology, Education",Engineering,Mechanical Engineer
623,19,Male,Master's,Programming,Healthcare,Finance,Financial Analyst
624,33,Female,Master's,"Healthcare, Design","Technology, Science",Healthcare,Artist
625,22,Other,PhD,"Data Analysis, Programming","Arts, Business",Healthcare,Graphic Designer
626,35,Other,PhD,Data Analysis,"Sports, Arts",IT,Artist
627,20,Other,PhD,Design,Science,IT,Artist
628,24,Other,PhD,"Marketing, Programming, Writing","Arts, Science",Finance,Data Scientist
629,48,Female,High School,Engineering,Sports,Healthcare,Doctor
630,21,Male,High School,Healthcare,Healthcare,Education,Marketing Manager
631,19,Male,Bachelor's,Design,"Healthcare, Business",Engineering,Sports Coach
632,42,Other,Master's,"Finance, Healthcare, Programming","Arts, Science",Healthcare,Sports Coach
633,48,Male,Bachelor's,"Design, Finance, Engineering","Education, Healthcare",Marketing,Sports Coach
634,48,Male,Bachelor's,Data Analysis,Science,Marketing,Teacher
635,44,Female,High School,"Healthcare, Finance",Sports,Engineering,Artist
636,18,Other,PhD,"Design, Finance",Science,Finance,Mechanical Engineer
637,44,Other,High School,Data Analysis,Arts,Entertainment,Data Scientist
638,35,Other,High School,Programming,"Business, Arts",Entertainment,Graphic Designer
639,39,Other,Master's,"Writing, Marketing","Sports, Science",Marketing,Data Scientist
640,44,Male,Bachelor's,"Healthcare, Marketing","Technology, Education",Healthcare,Doctor
641,48,Female,PhD,Finance,Sports,IT,Artist
642,36,Other,Bachelor's,"Programming, Design",Arts,IT,Artist
643,29,Male,Master's,"Programming, Finance, Healthcare","Education, Science",Healthcare,Sports Coach
644,42,Male,Bachelor's,"Engineering, Design, Programming",Technology,Marketing,Marketing Manager
645,40,Other,Master's,"Data Analysis, Finance, Engineering",Sports,Engineering,Graphic Designer
646,37,Female,Bachelor's,"Data Analysis, Finance, Engineering",Education,Marketing,Teacher
647,42,Other,Bachelor's,"Healthcare, Programming","Technology, Sports",Engineering,Sports Coach
648,18,Other,Bachelor's,Finance,Science,Engineering,Sports Coach
649,21,Male,Bachelor's,"Healthcare, Design","Arts, Sports",Healthcare,Software Engineer
650,39,Other,Bachelor's,"Writing, Design",Sports,Healthcare,Software Engineer
651,30,Other,Bachelor's,"Finance, Healthcare, Writing",Science,Marketing,Marketing Manager
652,26,Female,Master's,"Data Analysis, Design, Finance",Business,Engineering,Mechanical Engineer
653,36,Male,PhD,Engineering,"Education, Business",Marketing,Graphic Designer
654,30,Other,High School,"Design, Finance",Business,Entertainment,Data Scientist
655,40,Male,Master's,"Engineering, Writing, Marketing","Arts, Sports",Entertainment,Graphic Designer
656,30,Female,Bachelor's,Design,"Education, Science",Marketing,Financial Analyst
657,33,Male,Master's,"Engineering, Programming","Healthcare, Technology",Engineering,Teacher
658,34,Other,PhD,Writing,Sports,Education,Data Scientist
659,18,Other,High School,Writing,"Business, Sports",Engineering,Mechanical Engineer
660,30,Male,Master's,"Healthcare, Data Analysis, Marketing",Sports,Entertainment,Mechanical Engineer
661,41,Female,Bachelor's,"Data Analysis, Engineering, Design","Healthcare, Business",Finance,Graphic Designer
662,37,Female,High School,"Programming, Engineering, Finance",Science,IT,Data Scientist
663,31,Male,High School,Writing,"Business, Science",Engineering,Software Engineer
664,22,Female,High School,"Data Analysis, Finance","Healthcare, Education",IT,Software Engineer
665,43,Other,Bachelor's,"Writing, Finance","Business, Healthcare",Education,Sports Coach
666,37,Male,Bachelor's,"Engineering, Healthcare",Healthcare,Healthcare,Marketing Manager
667,29,Female,PhD,Engineering,Healthcare,Engineering,Software Engineer
668,35,Other,PhD,"Writing, Healthcare","Arts, Business",Finance,Artist
669,33,Female,PhD,Engineering,"Arts, Education",Engineering,Sports Coach
670,43,Other,High School,"Writing, Design","Education, Science",Finance,Doctor
671,20,Other,High School,Programming,Education,Entertainment,Teacher
672,25,Male,Master's,"Marketing, Writing, Engineering","Sports, Arts",Education,Mechanical Engineer
673,26,Other,High School,"Data Analysis, Marketing, Programming",Arts,Education,Graphic Designer
674,50,Male,PhD,"Healthcare, Programming",Technology,Entertainment,Financial Analyst
675,33,Male,Master's,"Marketing, Data Analysis",Arts,Healthcare,Software Engineer
676,31,Male,Bachelor's,"Engineering, Healthcare",Education,Finance,Artist
677,46,Female,High School,"Design, Marketing",Technology,Entertainment,Data Scientist
678,20,Male,Master's,"Programming, Design, Data Analysis","Education, Science",Marketing,Marketing Manager
679,21,Male,Master's,"Healthcare, Programming",Sports,Healthcare,Marketing Manager
680,47,Other,Bachelor's,"Design, Writing, Marketing","Science, Business",IT,Software Engineer
681,20,Other,Bachelor's,"Finance, Programming, Writing","Sports, Education",Marketing,Financial Analyst
682,33,Other,Master's,"Design, Finance, Data Analysis","Arts, Sports",Education,Graphic Designer
683,48,Male,Master's,Finance,"Sports, Technology",Marketing,Financial Analyst
684,27,Male,Bachelor's,"Marketing, Data Analysis, Writing","Sports, Education",Engineering,Financial Analyst
685,40,Other,Master's,Marketing,Sports,Healthcare,Data Scientist
686,32,Male,High School,"Design, Finance, Healthcare",Technology,IT,Mechanical Engineer
687,47,Female,Master's,"Healthcare, Finance",Business,Marketing,Doctor
688,35,Male,Bachelor's,"Data Analysis, Writing, Design","Science, Arts",Healthcare,Graphic Designer
689,49,Male,High School,"Design, Engineering, Data Analysis",Science,Entertainment,Doctor
690,33,Other,PhD,"Design, Writing, Marketing","Education, Sports",Entertainment,Marketing Manager
691,18,Male,Bachelor's,"Healthcare, Data Analysis, Finance","Healthcare, Science",Finance,Doctor
692,46,Other,Master's,"Design, Programming","Arts, Sports",Entertainment,Graphic Designer
693,18,Female,Master's,Design,Healthcare,Finance,Data Scientist
694,18,Female,Bachelor's,Design,"Arts, Business",IT,Marketing Manager
695,22,Other,High School,"Data Analysis, Programming",Science,Marketing,Sports Coach
696,23,Male,PhD,Design,Sports,Finance,Artist
697,23,Female,PhD,Data Analysis,Education,Entertainment,Marketing Manager
698,32,Male,Master's,Writing,"Sports, Arts",IT,Software Engineer
699,29,Male,Master's,Design,Sports,IT,Artist
700,49,Male,Bachelor's,"Writing, Healthcare, Data Analysis",Sports,Finance,Mechanical Engineer
701,30,Female,Master's,"Marketing, Healthcare",Technology,Entertainment,Mechanical Engineer
702,37,Other,Master's,Design,Education,Entertainment,Sports Coach
703,50,Other,High School,Finance,"Healthcare, Business",Marketing,Artist
704,36,Male,PhD,"Writing, Data Analysis",Healthcare,Finance,Graphic Designer
705,37,Female,Master's,"Finance, Design","Education, Business",Entertainment,Teacher
706,48,Other,PhD,"Marketing, Design",Sports,Healthcare,Marketing Manager
707,21,Male,Master's,"Healthcare, Finance","Arts, Business",Engineering,Teacher
708,34,Male,High School,"Marketing, Writing, Programming",Healthcare,Engineering,Doctor
709,29,Female,High School,"Data Analysis, Finance","Arts, Sports",Healthcare,Data Scientist
710,50,Other,Master's,"Design, Writing",Technology,Finance,Financial Analyst
711,18,Female,Master's,Healthcare,"Healthcare, Sports",Education,Doctor
712,22,Other,PhD,Design,Technology,Marketing,Teacher
713,50,Male,High School,"Writing, Engineering, Programming",Healthcare,Education,Teacher
714,21,Female,Master's,"Engineering, Marketing",Technology,Engineering,Software Engineer
715,43,Male,Bachelor's,"Data Analysis, Design, Finance","Sports, Education",Healthcare,Sports Coach
716,29,Female,Bachelor's,"Engineering, Design, Programming",Arts,Marketing,Teacher
717,46,Other,High School,"Data Analysis, Design, Engineering",Arts,Education,Financial Analyst
718,22,Male,Bachelor's,"Design, Healthcare","Education, Technology",IT,Software Engineer
719,23,Female,High School,Design,Arts,Finance,Financial Analyst
720,34,Male,High School,"Finance, Writing","Technology, Sports",Finance,Mechanical Engineer
721,45,Other,High School,"Data Analysis, Writing",Arts,Marketing,Software Engineer
722,29,Female,Bachelor's,"Engineering, Data Analysis","Business, Technology",Marketing,Teacher
723,25,Male,Master's,Programming,Science,Education,Mechanical Engineer
724,19,Female,Bachelor's,Data Analysis,Business,Education,Financial Analyst
725,38,Male,Master's,Engineering,"Technology, Science",IT,Teacher
726,22,Other,Bachelor's,"Design, Writing, Programming",Arts,Healthcare,Graphic Designer
727,38,Male,High School,Marketing,"Healthcare, Education",Engineering,Doctor
728,18,Female,High School,"Programming, Data Analysis, Engineering","Sports, Arts",Engineering,Sports Coach
729,20,Other,High School,"Marketing, Writing, Programming",Arts,Engineering,Sports Coach
730,50,Other,Master's,"Writing, Marketing, Healthcare","Science, Arts",Healthcare,Data Scientist
731,41,Male,High School,"Data Analysis, Finance, Marketing","Business, Technology",Entertainment,Software Engineer
732,38,Other,PhD,Healthcare,Business,Finance,Software Engineer
733,28,Female,High School,"Programming, Writing, Engineering","Technology, Sports",Entertainment,Data Scientist
734,42,Female,Bachelor's,Healthcare,Science,Education,Data Scientist
735,37,Female,Bachelor's,"Design, Programming",Sports,IT,Financial Analyst
736,31,Male,Master's,Healthcare,"Science, Business",Education,Data Scientist
737,18,Other,High School,"Writing, Finance",Business,Entertainment,Sports Coach
738,48,Other,Master's,"Marketing, Finance",Healthcare,Marketing,Graphic Designer
739,20,Female,High School,"Design, Programming, Writing","Education, Science",Marketing,Teacher
740,23,Male,Master's,"Design, Healthcare","Sports, Science",Finance,Sports Coach
741,37,Female,Master's,"Writing, Programming, Marketing","Technology, Sports",Marketing,Graphic Designer
742,30,Female,High School,"Data Analysis, Healthcare, Programming",Arts,Education,Graphic Designer
743,23,Male,Master's,Writing,Sports,Education,Teacher
744,24,Female,PhD,"Programming, Engineering, Finance",Sports,IT,Sports Coach
745,38,Female,PhD,"Marketing, Data Analysis, Programming",Business,IT,Financial Analyst
746,32,Male,High School,"Programming, Data Analysis",Technology,Education,Data Scientist
747,41,Other,PhD,Marketing,Healthcare,Education,Sports Coach
748,31,Male,PhD,"Programming, Data Analysis",Arts,Entertainment,Artist
749,29,Male,High School,"Healthcare, Engineering, Data Analysis","Science, Business",Healthcare,Doctor
750,20,Male,PhD,"Data Analysis, Finance","Healthcare, Sports",Finance,Marketing Manager
751,30,Other,Master's,Writing,Healthcare,Finance,Graphic Designer
752,31,Female,Bachelor's,"Design, Data Analysis, Finance","Healthcare, Business",Healthcare,Software Engineer
753,33,Other,High School,"Marketing, Data Analysis, Finance",Technology,Healthcare,Financial Analyst
754,39,Male,High School,Engineering,Science,IT,Financial Analyst
755,29,Male,Master's,"Data Analysis, Healthcare, Design","Science, Sports",Education,Mechanical Engineer
756,18,Female,High School,"Healthcare, Finance",Science,Education,Software Engineer
757,50,Other,Master's,"Finance, Healthcare, Design","Healthcare, Business",Healthcare,Graphic Designer
758,36,Other,Master's,Data Analysis,"Healthcare, Sports",Engineering,Marketing Manager
759,27,Other,High School,"Healthcare, Design, Marketing","Education, Business",Marketing,Mechanical Engineer
760,20,Other,PhD,Writing,Education,IT,Data Scientist
761,34,Female,Bachelor's,Writing,Technology,Finance,Marketing Manager
762,50,Male,Master's,"Programming, Design",Technology,IT,Artist
763,29,Male,Bachelor's,"Design, Data Analysis, Writing",Sports,Marketing,Software Engineer
764,23,Male,Master's,Marketing,Science,Finance,Mechanical Engineer
765,26,Male,PhD,"Finance, Programming","Healthcare, Education",Entertainment,Mechanical Engineer
766,40,Female,High School,"Design, Marketing",Sports,Education,Artist
767,21,Male,High School,"Data Analysis, Writing",Education,Engineering,Software Engineer
768,44,Female,Bachelor's,"Design, Data Analysis, Marketing","Education, Arts",IT,Financial Analyst
769,29,Other,PhD,Finance,"Healthcare, Education",Education,Teacher
770,27,Other,Master's,Writing,"Sports, Education",IT,Artist
771,44,Female,High School,"Data Analysis, Marketing, Engineering","Healthcare, Sports",IT,Marketing Manager
772,46,Male,Master's,Finance,Sports,Education,Software Engineer
773,35,Other,Bachelor's,Design,Technology,IT,Teacher
774,20,Female,Master's,"Engineering, Writing","Technology, Sports",Healthcare,Sports Coach
775,31,Male,Bachelor's,Finance,Business,Entertainment,Doctor
776,19,Other,Bachelor's,"Healthcare, Finance",Science,Healthcare,Software Engineer
777,19,Male,High School,Finance,Healthcare,Engineering,Mechanical Engineer
778,19,Other,Master's,"Finance, Programming",Sports,Education,Graphic Designer
779,34,Female,Master's,"Finance, Healthcare, Marketing",Technology,Engineering,Mechanical Engineer
780,48,Other,High School,"Design, Marketing, Healthcare","Sports, Arts",Marketing,Artist
781,43,Male,Master's,Design,Science,Engineering,Teacher
782,46,Female,Master's,"Finance, Design, Healthcare","Sports, Education",Finance,Mechanical Engineer
783,29,Male,High School,"Engineering, Data Analysis, Writing",Sports,IT,Graphic Designer
784,31,Other,PhD,"Programming, Data Analysis, Healthcare","Business, Technology",Entertainment,Data Scientist
785,37,Other,Bachelor's,Engineering,"Technology, Healthcare",Engineering,Sports Coach
786,24,Other,High School,"Finance, Design, Marketing","Technology, Science",Healthcare,Graphic Designer
787,32,Female,High School,"Data Analysis, Marketing","Education, Healthcare",Engineering,Mechanical Engineer
788,36,Female,High School,Programming,"Business, Technology",Education,Marketing Manager
789,33,Other,Master's,"Programming, Healthcare, Engineering",Science,Engineering,Teacher
790,32,Female,Master's,"Engineering, Design, Data Analysis",Arts,Entertainment,Mechanical Engineer
791,48,Other,Bachelor's,"Design, Engineering","Science, Technology",IT,Data Scientist
792,45,Other,PhD,"Marketing, Healthcare, Programming","Science, Business",Engineering,Sports Coach
793,39,Male,PhD,Design,Healthcare,Finance,Software Engineer
794,21,Other,Bachelor's,Design,"Science, Healthcare",Healthcare,Sports Coach
795,22,Male,High School,"Healthcare, Finance","Healthcare, Sports",Entertainment,Teacher
796,46,Male,Bachelor's,Programming,"Sports, Arts",IT,Financial Analyst
797,31,Female,High School,"Healthcare, Finance","Technology, Business",Education,Teacher
798,26,Male,PhD,Design,"Sports, Technology",Healthcare,Mechanical Engineer
799,35,Female,Bachelor's,"Data Analysis, Engineering",Healthcare,IT,Financial Analyst
800,50,Other,Master's,Finance,"Technology, Business",Finance,Artist
801,28,Male,PhD,"Design, Writing","Education, Arts",IT,Graphic Designer
802,25,Female,High School,"Design, Engineering","Technology, Healthcare",Entertainment,Data Scientist
803,40,Other,Bachelor's,Healthcare,"Education, Business",Education,Marketing Manager
804,37,Female,High School,"Engineering, Marketing","Science, Sports",IT,Data Scientist
805,42,Other,Master's,"Healthcare, Data Analysis, Marketing",Arts,Engineering,Graphic Designer
806,19,Male,Bachelor's,"Engineering, Data Analysis, Design",Science,Finance,Financial Analyst
807,32,Female,High School,Finance,Arts,Entertainment,Graphic Designer
808,30,Male,Bachelor's,"Finance, Marketing, Writing",Healthcare,Engineering,Financial Analyst
809,25,Male,Bachelor's,"Writing, Engineering","Sports, Healthcare",Marketing,Mechanical Engineer
810,45,Other,High School,"Design, Data Analysis",Science,Finance,Artist
811,41,Other,Master's,"Writing, Healthcare, Programming","Education, Healthcare",Education,Data Scientist
812,20,Female,Bachelor's,Programming,"Education, Arts",Finance,Financial Analyst
813,20,Female,Master's,"Programming, Finance",Science,IT,Mechanical Engineer
814,31,Other,Master's,"Data Analysis, Design, Writing",Business,Finance,Software Engineer
815,46,Male,PhD,Programming,Business,Entertainment,Graphic Designer
816,28,Other,Master's,Engineering,Arts,Healthcare,Software Engineer
817,38,Male,PhD,"Design, Engineering, Writing",Business,Marketing,Artist
818,36,Other,Master's,"Engineering, Programming",Arts,Engineering,Artist
819,30,Female,High School,"Writing, Design, Programming",Healthcare,IT,Doctor
820,50,Female,High School,Healthcare,"Business, Arts",Marketing,Mechanical Engineer
821,34,Female,Bachelor's,"Writing, Design","Science, Healthcare",Finance,Financial Analyst
822,49,Male,Master's,"Data Analysis, Engineering, Finance",Technology,Education,Teacher
823,22,Other,High School,"Finance, Marketing","Healthcare, Business",Engineering,Sports Coach
824,50,Male,PhD,"Engineering, Healthcare, Programming",Science,Education,Doctor
825,42,Male,High School,"Design, Data Analysis, Healthcare",Science,Education,Data Scientist
826,33,Male,Bachelor's,"Marketing, Programming",Healthcare,Engineering,Software Engineer
827,33,Other,Bachelor's,"Healthcare, Data Analysis, Marketing","Education, Science",Marketing,Graphic Designer
828,24,Other,PhD,Programming,Technology,IT,Artist
829,32,Female,Bachelor's,"Data Analysis, Healthcare","Science, Education",IT,Teacher
830,38,Male,High School,"Programming, Finance","Business, Sports",Engineering,Software Engineer
831,46,Female,Master's,Finance,"Healthcare, Technology",Engineering,Doctor
832,37,Female,High School,"Healthcare, Engineering, Programming",Education,Entertainment,Data Scientist
833,39,Female,Master's,"Design, Healthcare, Engineering","Sports, Business",Finance,Software Engineer
834,21,Female,PhD,Finance,Education,Finance,Marketing Manager
835,46,Female,High School,"Design, Engineering, Writing",Technology,Education,Artist
836,40,Male,Master's,"Finance, Design","Business, Healthcare",Finance,Financial Analyst
837,45,Other,High School,Engineering,Technology,Education,Teacher
838,47,Male,High School,"Writing, Engineering, Design",Arts,Marketing,Artist
839,49,Male,High School,"Engineering, Data Analysis","Education, Sports",Education,Sports Coach
840,18,Male,PhD,"Design, Healthcare, Marketing",Business,Healthcare,Teacher
841,44,Male,Master's,"Data Analysis, Finance, Healthcare","Technology, Education",Marketing,Mechanical Engineer
842,42,Female,Bachelor's,Finance,Sports,IT,Graphic Designer
843,45,Female,Master's,Healthcare,Arts,Finance,Mechanical Engineer
844,18,Male,Master's,Design,"Education, Arts",IT,Sports Coach
845,22,Female,Bachelor's,Finance,Education,Engineering,Doctor
846,33,Female,PhD,"Writing, Engineering, Finance","Healthcare, Science",Engineering,Teacher
847,23,Male,Bachelor's,"Finance, Programming","Technology, Education",Marketing,Teacher
848,37,Other,Master's,"Engineering, Data Analysis","Healthcare, Sports",Marketing,Mechanical Engineer
849,43,Male,Bachelor's,"Writing, Engineering, Programming","Business, Sports",Entertainment,Marketing Manager
850,18,Other,High School,"Engineering, Healthcare, Design","Sports, Healthcare",Entertainment,Doctor
851,50,Female,Master's,Engineering,Sports,Engineering,Software Engineer
852,27,Female,PhD,"Engineering, Writing, Data Analysis","Technology, Education",Education,Artist
853,36,Female,Bachelor's,"Engineering, Healthcare","Healthcare, Arts",Engineering,Marketing Manager
854,41,Male,Master's,Data Analysis,"Arts, Business",Marketing,Financial Analyst
855,38,Male,PhD,Finance,Healthcare,Engineering,Software Engineer
856,19,Other,Bachelor's,"Writing, Finance, Data Analysis",Sports,Healthcare,Teacher
857,33,Female,High School,Healthcare,Business,Education,Data Scientist
858,21,Other,Master's,"Data Analysis, Programming","Arts, Science",Finance,Marketing Manager
859,32,Other,Master's,"Engineering, Design","Arts, Education",Engineering,Mechanical Engineer
860,39,Male,Bachelor's,Marketing,"Healthcare, Technology",Entertainment,Sports Coach
861,49,Female,High School,Data Analysis,Education,Finance,Marketing Manager
862,37,Female,Bachelor's,Programming,"Science, Arts",Education,Teacher
863,35,Other,PhD,"Healthcare, Design, Engineering",Science,Healthcare,Sports Coach
864,19,Female,Bachelor's,"Data Analysis, Healthcare","Healthcare, Science",Marketing,Artist
865,35,Male,Bachelor's,Healthcare,"Technology, Arts",Education,Teacher
866,38,Female,High School,Writing,"Sports, Healthcare",Education,Marketing Manager
867,18,Male,Master's,"Finance, Data Analysis",Healthcare,Healthcare,Teacher
868,35,Other,Master's,"Healthcare, Programming, Design",Technology,Marketing,Graphic Designer
869,31,Male,Bachelor's,"Design, Programming, Healthcare","Healthcare, Science",Education,Graphic Designer
870,50,Male,High School,"Finance, Programming",Education,Education,Financial Analyst
871,38,Female,Bachelor's,"Healthcare, Data Analysis",Technology,Entertainment,Data Scientist
872,23,Female,Bachelor's,Healthcare,"Arts, Education",Engineering,Doctor
873,33,Other,PhD,"Writing, Design, Healthcare",Business,IT,Sports Coach
874,24,Other,Master's,"Engineering, Finance","Arts, Education",Healthcare,Mechanical Engineer
875,27,Female,PhD,"Data Analysis, Programming",Sports,Finance,Sports Coach
876,23,Other,Master's,Design,"Arts, Technology",Marketing,Doctor
877,25,Other,Master's,"Writing, Design","Education, Arts",Engineering,Financial Analyst
878,24,Female,Master's,Programming,Healthcare,Marketing,Sports Coach
879,32,Female,Bachelor's,"Design, Engineering, Finance","Arts, Business",Marketing,Financial Analyst
880,44,Male,Master's,Data Analysis,Science,Entertainment,Teacher
881,37,Other,PhD,Programming,"Arts, Business",Entertainment,Teacher
882,39,Female,High School,"Finance, Design",Education,Engineering,Software Engineer
883,47,Female,Bachelor's,Design,Technology,Healthcare,Teacher
884,26,Male,Master's,"Programming, Writing, Engineering","Healthcare, Technology",Finance,Artist
885,39,Female,PhD,"Data Analysis, Engineering",Technology,IT,Mechanical Engineer
886,43,Other,Master's,"Marketing, Healthcare, Engineering",Healthcare,IT,Software Engineer
887,28,Female,Bachelor's,Design,Healthcare,Engineering,Artist
888,47,Male,High School,"Writing, Design, Healthcare",Education,Engineering,Graphic Designer
889,18,Male,High School,Finance,"Arts, Education",Finance,Financial Analyst
890,31,Female,PhD,Writing,"Business, Sports",Education,Software Engineer
891,43,Male,PhD,"Design, Healthcare",Science,Finance,Mechanical Engineer
892,33,Male,High School,Engineering,"Education, Healthcare",Entertainment,Data Scientist
893,40,Male,High School,Data Analysis,Science,Finance,Software Engineer
894,21,Other,Master's,"Engineering, Writing, Design","Healthcare, Business",Finance,Graphic Designer
895,19,Other,Bachelor's,"Programming, Writing, Marketing","Technology, Business",Finance,Artist
896,36,Female,Master's,Engineering,Business,Finance,Marketing Manager
897,49,Male,PhD,"Engineering, Data Analysis",Technology,Entertainment,Artist
898,26,Female,Bachelor's,"Design, Writing",Arts,Finance,Sports Coach
899,39,Female,Master's,"Writing, Marketing, Healthcare",Sports,Marketing,Data Scientist
900,45,Female,PhD,"Engineering, Writing, Data Analysis","Arts, Healthcare",Entertainment,Artist
901,25,Other,Bachelor's,Marketing,Arts,Education,Software Engineer
902,41,Female,PhD,"Writing, Marketing, Healthcare","Science, Healthcare",Marketing,Graphic Designer
903,19,Other,High School,"Data Analysis, Healthcare",Technology,IT,Artist
904,39,Female,High School,Data Analysis,"Technology, Arts",Healthcare,Sports Coach
905,24,Other,Bachelor's,Programming,"Technology, Science",Marketing,Mechanical Engineer
906,43,Other,Bachelor's,"Design, Data Analysis","Education, Arts",Healthcare,Mechanical Engineer
907,39,Other,Master's,"Engineering, Programming",Science,Entertainment,Data Scientist
908,19,Other,High School,Marketing,"Sports, Business",Finance,Graphic Designer
909,49,Male,High School,"Programming, Writing",Healthcare,Finance,Doctor
910,30,Male,Master's,Writing,"Technology, Arts",Entertainment,Graphic Designer
911,23,Other,PhD,"Data Analysis, Healthcare","Science, Arts",Entertainment,Sports Coach
912,39,Other,High School,"Design, Writing","Arts, Sports",Marketing,Doctor
913,19,Male,High School,"Marketing, Design, Healthcare","Technology, Business",Finance,Marketing Manager
914,31,Male,High School,"Writing, Finance","Technology, Healthcare",Healthcare,Artist
915,21,Female,Bachelor's,"Engineering, Data Analysis",Arts,Healthcare,Marketing Manager
916,19,Female,Bachelor's,"Marketing, Programming","Business, Sports",Finance,Data Scientist
917,49,Female,Bachelor's,"Design, Healthcare, Programming",Healthcare,Engineering,Data Scientist
918,44,Female,High School,"Healthcare, Writing",Arts,Engineering,Artist
919,47,Other,Master's,Finance,"Science, Technology",Healthcare,Doctor
920,29,Male,High School,"Finance, Engineering, Data Analysis","Education, Technology",IT,Mechanical Engineer
921,18,Male,Bachelor's,"Writing, Healthcare",Business,Marketing,Doctor
922,44,Other,High School,Writing,Business,Engineering,Doctor
923,35,Male,Bachelor's,"Design, Marketing, Finance",Healthcare,Education,Software Engineer
924,26,Other,Master's,"Healthcare, Finance",Arts,Finance,Graphic Designer
925,28,Other,Master's,"Marketing, Design, Programming",Sports,IT,Financial Analyst
926,27,Female,High School,"Engineering, Data Analysis, Healthcare","Sports, Healthcare",Entertainment,Sports Coach
927,40,Male,Master's,"Design, Programming",Arts,Finance,Data Scientist
928,29,Other,Master's,"Data Analysis, Writing, Finance",Technology,Education,Data Scientist
929,45,Male,High School,"Engineering, Writing","Healthcare, Technology",Education,Marketing Manager
930,27,Male,Bachelor's,"Writing, Healthcare","Business, Arts",Healthcare,Sports Coach
931,50,Female,High School,"Design, Engineering, Data Analysis","Science, Arts",Education,Graphic Designer
932,45,Other,Bachelor's,Finance,"Technology, Healthcare",IT,Graphic Designer
933,28,Female,High School,Healthcare,Arts,Engineering,Artist
934,22,Female,High School,"Finance, Design","Science, Business",Marketing,Mechanical Engineer
935,24,Other,Bachelor's,"Design, Marketing, Finance","Science, Technology",IT,Data Scientist
936,32,Male,PhD,"Marketing, Healthcare, Engineering","Business, Arts",Engineering,Artist
937,50,Female,Master's,"Marketing, Finance, Writing","Healthcare, Arts",IT,Artist
938,28,Male,High School,"Programming, Healthcare, Marketing",Sports,Entertainment,Marketing Manager
939,44,Male,High School,Finance,"Arts, Technology",Engineering,Doctor
940,46,Male,High School,"Writing, Programming",Education,Marketing,Teacher
941,34,Other,PhD,"Engineering, Marketing",Sports,Marketing,Software Engineer
942,32,Other,PhD,Finance,Education,Finance,Financial Analyst
943,35,Male,Master's,"Engineering, Writing","Science, Education",Education,Software Engineer
944,24,Female,PhD,Engineering,"Healthcare, Arts",Engineering,Mechanical Engineer
945,24,Male,Bachelor's,"Engineering, Healthcare","Business, Science",IT,Sports Coach
946,45,Female,Bachelor's,Engineering,Sports,Engineering,Mechanical Engineer
947,28,Female,PhD,"Programming, Design",Healthcare,Entertainment,Doctor
948,47,Other,Bachelor's,"Design, Programming","Science, Technology",Finance,Financial Analyst
949,33,Male,PhD,"Programming, Marketing",Business,Education,Mechanical Engineer
950,20,Other,Master's,Programming,"Arts, Healthcare",Entertainment,Marketing Manager
951,18,Other,PhD,Programming,"Education, Arts",Education,Financial Analyst
952,49,Other,High School,"Engineering, Design, Marketing",Science,IT,Sports Coach
953,29,Other,PhD,"Data Analysis, Healthcare","Business, Arts",Marketing,Software Engineer
954,47,Other,Bachelor's,"Healthcare, Programming","Healthcare, Business",IT,Marketing Manager
955,48,Female,High School,"Writing, Finance, Design",Arts,Education,Graphic Designer
956,24,Other,High School,"Writing, Programming",Education,Healthcare,Mechanical Engineer
957,18,Other,Bachelor's,"Programming, Finance, Healthcare","Education, Sports",Marketing,Sports Coach
958,48,Male,Bachelor's,Data Analysis,Business,IT,Financial Analyst
959,48,Female,Master's,"Data Analysis, Writing","Education, Technology",Entertainment,Data Scientist
960,44,Other,Bachelor's,"Data Analysis, Healthcare, Marketing","Sports, Technology",Finance,Financial Analyst
961,42,Female,PhD,"Marketing, Engineering",Business,Education,Teacher
962,33,Other,High School,"Data Analysis, Writing",Science,Education,Sports Coach
963,36,Male,PhD,"Healthcare, Engineering",Sports,IT,Marketing Manager
964,20,Male,Master's,Programming,"Technology, Education",Marketing,Artist
965,48,Other,Master's,"Data Analysis, Finance, Programming","Education, Healthcare",Education,Software Engineer
966,46,Female,Master's,"Writing, Healthcare, Design","Healthcare, Technology",Marketing,Financial Analyst
967,20,Male,Master's,Marketing,"Science, Business",Education,Data Scientist
968,39,Male,High School,"Programming, Writing, Finance",Arts,Entertainment,Financial Analyst
969,39,Female,Master's,"Data Analysis, Healthcare","Business, Sports",Finance,Software Engineer
970,39,Female,Master's,Writing,"Healthcare, Business",Marketing,Artist
971,46,Male,Bachelor's,"Marketing, Design",Education,Entertainment,Teacher
972,30,Female,Bachelor's,Programming,Arts,Healthcare,Data Scientist
973,29,Male,Master's,"Marketing, Data Analysis, Design",Healthcare,Engineering,Marketing Manager
974,34,Male,Bachelor's,"Data Analysis, Writing","Technology, Business",Education,Doctor
975,27,Other,PhD,"Writing, Healthcare, Engineering","Arts, Sports",Finance,Artist
976,24,Male,High School,Writing,"Education, Technology",Marketing,Mechanical Engineer
977,18,Other,High School,Marketing,Arts,Finance,Software Engineer
978,47,Other,High School,"Finance, Engineering, Writing","Business, Arts",Engineering,Teacher
979,45,Female,PhD,"Design, Writing, Engineering",Business,Healthcare,Sports Coach
980,41,Male,High School,"Data Analysis, Design","Arts, Sports",IT,Teacher
981,23,Other,Master's,"Marketing, Finance","Business, Arts",Education,Sports Coach
982,24,Female,Master's,"Data Analysis, Healthcare, Writing","Science, Education",Education,Marketing Manager
983,49,Other,High School,Engineering,Sports,Education,Mechanical Engineer
984,39,Male,Master's,Design,"Arts, Technology",Engineering,Teacher
985,45,Female,Master's,"Marketing, Design, Writing","Science, Business",Healthcare,Marketing Manager
986,25,Other,Master's,"Engineering, Healthcare, Marketing",Science,Entertainment,Data Scientist
987,32,Female,Bachelor's,"Marketing, Design, Finance",Arts,Entertainment,Financial Analyst
988,22,Female,PhD,"Programming, Marketing",Science,Education,Data Scientist
989,20,Female,Master's,Writing,"Business, Sports",Entertainment,Sports Coach
990,28,Other,Master's,"Programming, Finance",Business,Healthcare,Sports Coach
991,22,Female,Bachelor's,"Writing, Engineering, Programming","Education, Business",Healthcare,Mechanical Engineer
992,43,Male,High School,"Programming, Healthcare","Education, Technology",Healthcare,Marketing Manager
993,37,Male,Bachelor's,"Programming, Writing","Science, Technology",Finance,Graphic Designer
994,38,Male,PhD,"Engineering, Marketing, Design",Healthcare,Entertainment,Data Scientist
995,37,Male,Master's,Marketing,"Technology, Education",Healthcare,Graphic Designer
996,22,Male,PhD,Writing,"Science, Education",Education,Sports Coach
997,32,Other,High School,"Data Analysis, Engineering, Finance","Business, Science",Marketing,Software Engineer
998,35,Female,Master's,"Data Analysis, Healthcare, Design",Healthcare,Healthcare,Software Engineer
999,25,Other,Master's,"Engineering, Writing",Business,IT,Teacher
1000,37,Female,Bachelor's,"Finance, Writing, Marketing",Technology,Finance,Teacher
